epoch,time,train/box_loss,train/cls_loss,train/dfl_loss,metrics/precision(B),metrics/recall(B),metrics/mAP50(B),metrics/mAP50-95(B),val/box_loss,val/cls_loss,val/dfl_loss,lr/pg0,lr/pg1,lr/pg2
1,4.52554,3.35111,7.57649,2.66717,0,0,0,0,2.88404,5.05595,2.27297,7.5e-05,7.5e-05,7.5e-05
2,5.35974,3.25666,7.08916,2.21858,0,0,0,0,2.57769,5.00941,1.78323,0.000160891,0.000160891,0.000160891
3,6.18012,2.39621,5.846,1.50045,0.00014,0.08333,0.00027,0.00016,2.13535,5.00483,1.41307,0.00024505,0.00024505,0.00024505
4,7.0043,1.79638,4.6095,1.14068,0.00413,0.45,0.29143,0.14628,1.90296,4.6933,1.20388,0.000327476,0.000327476,0.000327476
5,7.79648,1.65255,4.41538,1.10279,0.00525,0.6375,0.36373,0.13971,1.69715,4.45771,1.10652,0.00040817,0.00040817,0.00040817
6,8.60066,1.52879,3.84159,1.14578,0.00644,0.83333,0.40003,0.19616,1.34666,4.04587,1.01859,0.000487131,0.000487131,0.000487131
7,9.39684,1.57233,3.63097,1.15747,0.00582,0.6875,0.19615,0.06612,1.39265,3.96522,1.09633,0.00056436,0.00056436,0.00056436
8,10.19,1.5172,3.39094,1.2353,0.00537,1,0.76042,0.41857,1.43915,3.70376,1.18637,0.000639856,0.000639856,0.000639856
9,10.9851,1.44627,2.71633,1.22157,0.00485,1,0.83411,0.56277,1.26089,3.50047,1.12612,0.00071362,0.00071362,0.00071362
10,11.7904,1.26863,3.17619,1.1219,0.00447,1,0.82367,0.57053,1.17498,3.52373,1.07286,0.000785651,0.000785651,0.000785651
11,12.5905,1.39839,2.65742,1.11084,0.76957,0.30872,0.85286,0.57121,1.19543,3.10059,1.09283,0.00085595,0.00085595,0.00085595
12,13.3787,1.25673,2.9317,1.05515,0.97272,0.40626,0.75783,0.49324,1.24489,3.15811,1.0703,0.000924516,0.000924516,0.000924516
13,14.1669,1.36911,3.5193,1.15404,0.89367,0.75,0.87062,0.57706,1.16535,2.69287,1.01569,0.00099135,0.00099135,0.00099135
14,14.9621,1.31687,2.59154,1.11869,0.89367,0.75,0.87062,0.57706,1.16535,2.69287,1.01569,0.00105645,0.00105645,0.00105645
15,15.7513,1.6599,3.69846,1.2376,0.66849,1,0.995,0.70385,1.20365,2.11765,1.01923,0.00107675,0.00107675,0.00107675
16,16.5544,1.28688,2.75065,1.05895,0.69285,1,0.995,0.68148,1.31776,2.17092,1.07857,0.00106437,0.00106437,0.00106437
17,17.3366,1.42921,2.56344,1.15273,0.79456,1,0.995,0.65089,1.31722,1.87931,1.14772,0.001052,0.001052,0.001052
18,18.1406,1.33132,2.66958,1.07762,0.87391,1,0.995,0.65408,1.322,1.50208,1.17515,0.00103962,0.00103962,0.00103962
19,18.9227,1.27527,2.43955,1.05609,0.8819,1,0.995,0.58416,1.57208,1.38141,1.31716,0.00102725,0.00102725,0.00102725
20,19.6994,1.2032,1.99093,1.04384,0.94294,1,0.995,0.63146,1.45811,1.32106,1.24778,0.00101488,0.00101488,0.00101488
21,20.4856,1.30063,2.24605,1.11638,0.96392,1,0.995,0.69751,1.24282,1.22107,1.12279,0.0010025,0.0010025,0.0010025
22,21.2702,1.31898,2.86947,1.08653,0.96392,1,0.995,0.69751,1.24282,1.22107,1.12279,0.000990125,0.000990125,0.000990125
23,22.0613,1.24992,2.04646,1.0754,0.72061,1,0.97833,0.74478,1.14453,1.20863,1.13695,0.00097775,0.00097775,0.00097775
24,22.8495,1.30987,2.1117,1.14629,0.83118,1,0.95393,0.67258,1.22149,1.19864,1.19892,0.000965375,0.000965375,0.000965375
25,23.6337,1.26264,2.3049,1.13807,0.93456,1,0.995,0.65393,1.27483,1.16017,1.21633,0.000953,0.000953,0.000953
26,24.4204,1.24234,2.41955,1.04422,0.95629,1,0.995,0.66644,1.18276,1.09072,1.11812,0.000940625,0.000940625,0.000940625
27,25.2119,1.32639,1.95667,1.08614,0.93979,1,0.995,0.71852,1.04625,1.02771,1.08297,0.00092825,0.00092825,0.00092825
28,25.981,1.23916,1.88725,1.05397,0.9713,1,0.995,0.72337,1.00382,0.97809,1.0412,0.000915875,0.000915875,0.000915875
29,26.7772,1.22809,1.70948,1.04828,0.89412,0.99858,0.995,0.69803,1.1017,1.0013,1.12952,0.0009035,0.0009035,0.0009035
30,27.5584,1.1794,1.6414,1.04668,0.89412,0.99858,0.995,0.69803,1.1017,1.0013,1.12952,0.000891125,0.000891125,0.000891125
31,28.3546,1.16492,1.60282,1.04026,0.93437,1,0.995,0.6881,1.1539,1.03765,1.19994,0.00087875,0.00087875,0.00087875
32,29.1412,1.14794,1.89756,1.03238,0.95118,0.99213,0.995,0.69702,1.20443,0.9756,1.24444,0.000866375,0.000866375,0.000866375
33,29.9274,1.16172,1.59284,1.08543,0.94769,0.99106,0.995,0.68327,1.21658,0.85395,1.27045,0.000854,0.000854,0.000854
34,30.7081,1.12022,1.46615,1.04285,0.92812,0.99357,0.995,0.66731,1.19977,0.86063,1.26308,0.000841625,0.000841625,0.000841625
35,31.4857,1.12436,1.65704,1.1033,0.85553,0.99322,0.995,0.68225,1.16398,0.90741,1.23062,0.00082925,0.00082925,0.00082925
36,32.2639,1.32286,2.57458,1.12688,0.83563,0.98014,0.995,0.67444,1.22022,0.94748,1.24318,0.000816875,0.000816875,0.000816875
37,33.0542,1.08813,1.39299,1.02659,0.88296,0.99452,0.995,0.66555,1.22639,0.81811,1.25272,0.0008045,0.0008045,0.0008045
38,33.8264,1.21575,1.7188,1.05431,0.88296,0.99452,0.995,0.66555,1.22639,0.81811,1.25272,0.000792125,0.000792125,0.000792125
39,34.6127,1.20094,2.6628,1.10278,0.9604,1,0.995,0.67974,1.1877,0.6935,1.22131,0.00077975,0.00077975,0.00077975
40,35.4135,1.06774,1.6019,0.99917,0.95152,1,0.995,0.7164,1.12884,0.7149,1.18485,0.000767375,0.000767375,0.000767375
41,36.2056,1.02292,1.67217,1.00915,0.90723,1,0.995,0.72827,1.14307,0.75809,1.20275,0.000755,0.000755,0.000755
42,36.9948,1.10956,1.4582,1.07138,0.93075,1,0.995,0.69533,1.23451,0.69984,1.2684,0.000742625,0.000742625,0.000742625
43,37.783,1.13796,1.32764,1.03845,0.95724,1,0.995,0.67696,1.2698,0.6522,1.29002,0.00073025,0.00073025,0.00073025
44,38.5652,1.13205,1.55919,1.02174,0.9737,1,0.995,0.6749,1.30676,0.66806,1.29781,0.000717875,0.000717875,0.000717875
45,39.3484,1.08694,1.40328,1.05766,0.95573,1,0.995,0.69683,1.1857,0.64417,1.21617,0.0007055,0.0007055,0.0007055
46,40.1115,0.97695,1.60143,1.03045,0.95573,1,0.995,0.69683,1.1857,0.64417,1.21617,0.000693125,0.000693125,0.000693125
47,40.9022,1.12871,1.40633,1.04934,0.93671,1,0.995,0.73317,1.07784,0.70579,1.15185,0.00068075,0.00068075,0.00068075
48,41.7059,1.26411,1.53322,1.18652,0.96924,1,0.995,0.71383,1.04187,0.69313,1.15385,0.000668375,0.000668375,0.000668375
49,42.4851,1.11283,1.24066,1.01027,0.9581,1,0.995,0.75426,0.99583,0.65489,1.14741,0.000656,0.000656,0.000656
50,43.2803,1.11912,1.27244,1.0896,0.94847,1,0.995,0.75706,1.01747,0.66653,1.15803,0.000643625,0.000643625,0.000643625
51,44.0725,1.14194,1.47542,1.12728,0.93722,1,0.995,0.74715,1.07083,0.67459,1.15006,0.00063125,0.00063125,0.00063125
52,44.8857,1.06136,1.23199,1.02112,0.93977,1,0.995,0.73115,1.03548,0.64309,1.11398,0.000618875,0.000618875,0.000618875
53,45.6788,1.13472,1.29626,1.06059,0.94807,1,0.995,0.74951,0.98316,0.6083,1.07728,0.0006065,0.0006065,0.0006065
54,46.4779,1.11843,1.22829,0.97477,0.94807,1,0.995,0.74951,0.98316,0.6083,1.07728,0.000594125,0.000594125,0.000594125
55,47.2661,1.03191,1.62658,1.03034,0.9629,1,0.995,0.77695,0.97896,0.59771,1.09266,0.00058175,0.00058175,0.00058175
56,48.0503,0.9227,2.18401,0.88239,0.92467,1,0.995,0.73932,1.03101,0.62012,1.14015,0.000569375,0.000569375,0.000569375
57,48.814,0.93444,1.48563,0.96003,0.91673,1,0.995,0.70374,1.07264,0.63767,1.17717,0.000557,0.000557,0.000557
58,49.6122,1.3717,1.40706,1.23457,0.93364,1,0.995,0.68333,1.10265,0.60945,1.20933,0.000544625,0.000544625,0.000544625
59,50.4044,1.00831,1.27464,1.01755,0.962,1,0.995,0.6999,1.08311,0.60049,1.21735,0.00053225,0.00053225,0.00053225
60,51.1896,1.00041,1.27442,1.00087,0.96933,1,0.995,0.72309,1.03605,0.58305,1.19481,0.000519875,0.000519875,0.000519875
61,51.9752,1.06572,1.34575,1.07227,0.96766,1,0.995,0.74855,1.00229,0.59039,1.17292,0.0005075,0.0005075,0.0005075
62,52.7606,1.1702,1.26274,1.04633,0.96766,1,0.995,0.74855,1.00229,0.59039,1.17292,0.000495125,0.000495125,0.000495125
63,53.5563,0.92395,1.06492,0.97632,0.97341,1,0.995,0.75038,1.02338,0.58864,1.1775,0.00048275,0.00048275,0.00048275
64,54.3434,1.00619,1.24546,1.04797,0.97868,1,0.995,0.74875,1.01888,0.5815,1.16631,0.000470375,0.000470375,0.000470375
65,55.1205,0.95241,1.26892,0.98091,0.97642,1,0.995,0.7338,1.02099,0.60257,1.16008,0.000458,0.000458,0.000458
66,55.9267,0.99455,1.05921,1.02647,0.97294,1,0.995,0.70365,1.02989,0.61237,1.15847,0.000445625,0.000445625,0.000445625
67,56.7199,1.01034,1.1317,0.98034,0.97759,1,0.995,0.69658,1.0493,0.6176,1.15831,0.00043325,0.00043325,0.00043325
68,57.5056,1.11379,1.05061,1.04878,0.9717,1,0.995,0.69339,1.06626,0.62104,1.1509,0.000420875,0.000420875,0.000420875
69,58.2923,0.90614,1.08625,0.98645,0.96846,1,0.995,0.68907,1.06274,0.62623,1.13784,0.0004085,0.0004085,0.0004085
70,59.0615,0.94921,1.17868,1.04784,0.96846,1,0.995,0.68907,1.06274,0.62623,1.13784,0.000396125,0.000396125,0.000396125
71,59.8656,1.05081,1.14661,1.10815,0.96882,1,0.995,0.73808,1.08039,0.60185,1.13806,0.00038375,0.00038375,0.00038375
72,60.6498,1.02552,1.2275,1.0692,0.97312,1,0.995,0.73565,1.07651,0.5769,1.13587,0.000371375,0.000371375,0.000371375
73,61.4332,0.84242,2.00955,0.84093,0.98037,1,0.995,0.72832,1.07548,0.58162,1.14197,0.000359,0.000359,0.000359
74,62.2179,0.81561,1.93932,0.84239,0.97855,1,0.995,0.72361,1.08318,0.56947,1.14488,0.000346625,0.000346625,0.000346625
75,62.9801,0.9325,1.17051,1.01837,0.97599,1,0.995,0.72126,1.08645,0.57353,1.15198,0.00033425,0.00033425,0.00033425
76,63.7614,1.02986,1.02071,0.97216,0.97648,1,0.995,0.74125,1.10093,0.57713,1.15869,0.000321875,0.000321875,0.000321875
77,64.578,0.93937,1.00518,1.00882,0.97914,1,0.995,0.72127,1.12514,0.58769,1.16515,0.0003095,0.0003095,0.0003095
78,65.3532,0.91522,1.10424,0.99442,0.97914,1,0.995,0.72127,1.12514,0.58769,1.16515,0.000297125,0.000297125,0.000297125
79,66.1333,0.90706,1.92738,0.8845,0.98156,1,0.995,0.7395,1.11412,0.57923,1.15969,0.00028475,0.00028475,0.00028475
80,66.9134,0.87955,1.0789,0.96411,0.98126,1,0.995,0.72305,1.10557,0.54982,1.15355,0.000272375,0.000272375,0.000272375
81,67.6991,0.94226,0.94766,0.97248,0.97955,1,0.995,0.71371,1.11562,0.54457,1.15797,0.00026,0.00026,0.00026
82,68.4964,0.95569,1.01528,1.0012,0.97888,1,0.995,0.72202,1.11557,0.54037,1.15781,0.000247625,0.000247625,0.000247625
83,69.2871,1.00291,1.08859,0.99335,0.97263,1,0.995,0.7262,1.11923,0.53329,1.15714,0.00023525,0.00023525,0.00023525
84,70.0623,0.92108,1.10373,0.98404,0.96871,1,0.995,0.73109,1.11156,0.53637,1.15044,0.000222875,0.000222875,0.000222875
85,70.8654,0.947,1.03739,0.96834,0.96677,1,0.995,0.74818,1.09424,0.53202,1.14265,0.0002105,0.0002105,0.0002105
86,71.635,0.9314,1.06396,0.96081,0.96677,1,0.995,0.74818,1.09424,0.53202,1.14265,0.000198125,0.000198125,0.000198125
87,72.4397,1.00776,1.25318,1.02843,0.96917,1,0.995,0.7596,1.07007,0.5234,1.14144,0.00018575,0.00018575,0.00018575
88,73.2169,0.97099,1.09021,0.99182,0.97012,1,0.995,0.7474,1.06016,0.51357,1.14269,0.000173375,0.000173375,0.000173375
89,74.0101,0.92268,0.93319,0.97253,0.97328,1,0.995,0.74888,1.04871,0.51649,1.13904,0.000161,0.000161,0.000161
90,74.8177,0.89254,1.07327,0.96594,0.97474,1,0.995,0.73464,1.05549,0.50908,1.14386,0.000148625,0.000148625,0.000148625
91,79.1113,0.87942,2.18323,0.88752,0.97642,1,0.995,0.73705,1.06574,0.51094,1.15402,0.00013625,0.00013625,0.00013625
92,79.9135,1.17219,1.55268,1.07464,0.97683,1,0.995,0.74661,1.07034,0.51643,1.15856,0.000123875,0.000123875,0.000123875
93,80.724,1.15423,1.40638,1.16198,0.97587,1,0.995,0.75082,1.08136,0.52249,1.1628,0.0001115,0.0001115,0.0001115
94,81.5022,0.96389,1.26706,0.9577,0.97587,1,0.995,0.75082,1.08136,0.52249,1.1628,9.9125e-05,9.9125e-05,9.9125e-05
95,82.2734,0.82016,2.15202,0.86332,0.97518,1,0.995,0.74911,1.08262,0.51748,1.1643,8.675e-05,8.675e-05,8.675e-05
96,83.0615,0.9832,1.35865,1.01815,0.97293,1,0.995,0.75845,1.08806,0.52248,1.16786,7.4375e-05,7.4375e-05,7.4375e-05
97,83.8647,1.03716,1.52923,1.03794,0.97226,1,0.995,0.75571,1.08855,0.52349,1.16562,6.2e-05,6.2e-05,6.2e-05
98,84.6769,0.87632,1.34456,1.06029,0.97041,1,0.995,0.7529,1.08315,0.51832,1.16648,4.9625e-05,4.9625e-05,4.9625e-05
99,85.4771,0.83427,1.24412,0.96656,0.96919,1,0.995,0.74959,1.08355,0.51306,1.16526,3.725e-05,3.725e-05,3.725e-05
100,86.2643,0.84976,1.39822,0.98401,0.96843,1,0.995,0.74023,1.08544,0.52184,1.165,2.4875e-05,2.4875e-05,2.4875e-05
